entry_id,text,reading,selection,readingSupport,heteronym,cedict,commonness,grammarEvidence,predicate,reading_verdict,role_verdict,notes
word:一般:ㄧ1-ㄅㄢ1,一般,ㄧ1 ㄅㄢ1,base,moe-concised,single-reading,absent,tier-1,strong-10-plus,predicate,,,
word:了:ㄌㄜ5,了,ㄌㄜ5,floor,manual-override,multi-reading,ambiguous-records,tier-1,strong-10-plus,predicate,,,
word:了:ㄌㄧㄠ3,了,ㄌㄧㄠ3,floor,manual-override,multi-reading,ambiguous-records,tier-1,strong-10-plus,predicate,,,
word:二千多:ㄦ4-ㄑㄧㄢ1-ㄉㄨㄛ1,二千多,ㄦ4 ㄑㄧㄢ1 ㄉㄨㄛ1,base,no-projection,single-reading,absent,tier-4,weak-1-2,non-predicate,,,
word:人次:ㄖㄣ2-ㄘ4,人次,ㄖㄣ2 ㄘ4,base,moe-concised,single-reading,absent,tier-3,moderate-3-9,non-predicate,,,
word:十一:ㄕ2-ㄧ1,十一,ㄕ2 ㄧ1,floor,no-projection,single-reading,ambiguous-records,tier-2,moderate-3-9,non-predicate,,,
word:上手:ㄕㄤ4-ㄕㄡ3,上手,ㄕㄤ4 ㄕㄡ3,base,moe-concised,single-reading,absent,tier-4,weak-1-2,predicate,,,
word:下來:ㄒㄧㄚ4-ㄌㄞ2,下來,ㄒㄧㄚ4 ㄌㄞ2,base,moe-concised,single-reading,absent,tier-1,strong-10-plus,predicate,,,
word:口感:ㄎㄡ3-ㄍㄢ3,口感,ㄎㄡ3 ㄍㄢ3,base,moe-concised,single-reading,absent,tier-2,weak-1-2,non-predicate,,,
word:士:ㄕ4,士,ㄕ4,base,moe-concised,single-reading,absent,tier-3,moderate-3-9,non-predicate,,,
word:小澤:ㄒㄧㄠ3-ㄗㄜ2,小澤,ㄒㄧㄠ3 ㄗㄜ2,base,no-projection,single-reading,absent,tier-4,weak-1-2,non-predicate,,,
word:不大:ㄅㄨ4-ㄉㄚ4,不大,ㄅㄨ4 ㄉㄚ4,base,moe-revised-fallback,single-reading,absent,tier-2,weak-1-2,predicate,,,
word:不如:ㄅㄨ4-ㄖㄨ2,不如,ㄅㄨ4 ㄖㄨ2,base,moe-concised,single-reading,absent,tier-2,moderate-3-9,predicate,,,
word:不但:ㄅㄨ4-ㄉㄢ4,不但,ㄅㄨ4 ㄉㄢ4,base,moe-concised,single-reading,absent,tier-1,moderate-3-9,non-predicate,,,
word:不見天日:ㄅㄨ4-ㄐㄧㄢ4-ㄊㄧㄢ1-ㄖ4,不見天日,ㄅㄨ4 ㄐㄧㄢ4 ㄊㄧㄢ1 ㄖ4,base,moe-concised,single-reading,absent,tier-4,weak-1-2,predicate,,,
word:不懷好意:ㄅㄨ4-ㄏㄨㄞ2-ㄏㄠ3-ㄧ4,不懷好意,ㄅㄨ4 ㄏㄨㄞ2 ㄏㄠ3 ㄧ4,base,moe-concised,single-reading,absent,tier-4,weak-1-2,predicate,,,
word:中國:ㄓㄨㄥ1-ㄍㄨㄛ2,中國,ㄓㄨㄥ1 ㄍㄨㄛ2,base,moe-revised-fallback,single-reading,absent,tier-1,strong-10-plus,non-predicate,,,
word:中超:ㄓㄨㄥ1-ㄔㄠ1,中超,ㄓㄨㄥ1 ㄔㄠ1,floor,no-projection,single-reading,ambiguous-records,tier-4,weak-1-2,non-predicate,,,
word:五十:ㄨ3-ㄕ2,五十,ㄨ3 ㄕ2,base,no-projection,single-reading,unique-record,tier-2,moderate-3-9,non-predicate,,,
word:今日:ㄐㄧㄣ1-ㄖ4,今日,ㄐㄧㄣ1 ㄖ4,base,moe-concised,single-reading,absent,tier-2,moderate-3-9,non-predicate,,,
word:允許:ㄩㄣ3-ㄒㄩ3,允許,ㄩㄣ3 ㄒㄩ3,base,moe-concised,single-reading,absent,tier-2,moderate-3-9,predicate,,,
word:分:ㄈㄣ1,分,ㄈㄣ1,base,no-projection,multi-reading,ambiguous-records,tier-1,strong-10-plus,predicate,,,
word:反擊:ㄈㄢ3-ㄐㄧ2,反擊,ㄈㄢ3 ㄐㄧ2,base,moe-concised,single-reading,absent,tier-3,moderate-3-9,predicate,,,
word:天皇:ㄊㄧㄢ1-ㄏㄨㄤ2,天皇,ㄊㄧㄢ1 ㄏㄨㄤ2,base,moe-concised,single-reading,absent,tier-3,moderate-3-9,non-predicate,,,
word:巴迪:ㄅㄚ1-ㄉㄧ2,巴迪,ㄅㄚ1 ㄉㄧ2,base,no-projection,single-reading,absent,tier-4,weak-1-2,non-predicate,,,
word:方言:ㄈㄤ1-ㄧㄢ2,方言,ㄈㄤ1 ㄧㄢ2,base,moe-concised,single-reading,absent,tier-3,moderate-3-9,non-predicate,,,
word:水汽:ㄕㄨㄟ3-ㄑㄧ4,水汽,ㄕㄨㄟ3 ㄑㄧ4,base,no-projection,single-reading,unique-record,tier-4,weak-1-2,non-predicate,,,
word:水圈:ㄕㄨㄟ3-ㄑㄩㄢ1,水圈,ㄕㄨㄟ3 ㄑㄩㄢ1,base,moe-revised-fallback,single-reading,absent,tier-4,weak-1-2,non-predicate,,,
word:加冕:ㄐㄧㄚ1-ㄇㄧㄢ3,加冕,ㄐㄧㄚ1 ㄇㄧㄢ3,base,moe-concised,single-reading,absent,tier-4,weak-1-2,predicate,,,
word:加強:ㄐㄧㄚ1-ㄑㄧㄤ2,加強,ㄐㄧㄚ1 ㄑㄧㄤ2,floor,moe-concised,single-reading,absent,tier-2,moderate-3-9,predicate,,,
word:北極:ㄅㄟ3-ㄐㄧ2,北極,ㄅㄟ3 ㄐㄧ2,base,moe-concised,single-reading,absent,tier-3,moderate-3-9,non-predicate,,,
word:句:ㄍㄡ1,句,ㄍㄡ1,floor,manual-override,multi-reading,ambiguous-records,tier-1,moderate-3-9,non-predicate,,,
word:句:ㄐㄩ4,句,ㄐㄩ4,floor,manual-override,multi-reading,ambiguous-records,tier-1,moderate-3-9,non-predicate,,,
word:另:ㄌㄧㄥ4,另,ㄌㄧㄥ4,base,moe-concised,single-reading,absent,tier-1,strong-10-plus,non-predicate,,,
word:可:ㄎㄜ3,可,ㄎㄜ3,floor,manual-override,multi-reading,ambiguous-records,tier-1,strong-10-plus,predicate,,,
word:可:ㄎㄜ4,可,ㄎㄜ4,floor,manual-override,multi-reading,ambiguous-records,tier-1,strong-10-plus,predicate,,,
word:台中:ㄊㄞ2-ㄓㄨㄥ1,台中,ㄊㄞ2 ㄓㄨㄥ1,floor,manual-override,single-reading,ambiguous-records,tier-2,moderate-3-9,non-predicate,,,
word:台北:ㄊㄞ2-ㄅㄟ3,台北,ㄊㄞ2 ㄅㄟ3,floor,manual-override,single-reading,ambiguous-records,tier-1,strong-10-plus,non-predicate,,,
word:司鐸:ㄙ1-ㄉㄨㄛ2,司鐸,ㄙ1 ㄉㄨㄛ2,base,moe-revised-fallback,single-reading,absent,tier-4,moderate-3-9,non-predicate,,,
word:失事:ㄕ1-ㄕ4,失事,ㄕ1 ㄕ4,base,moe-concised,single-reading,absent,tier-4,weak-1-2,predicate,,,
word:奴隸:ㄋㄨ2-ㄌㄧ4,奴隸,ㄋㄨ2 ㄌㄧ4,base,moe-concised,single-reading,absent,tier-3,moderate-3-9,non-predicate,,,
word:尼羅:ㄋㄧ2-ㄌㄨㄛ2,尼羅,ㄋㄧ2 ㄌㄨㄛ2,base,no-projection,single-reading,absent,tier-4,weak-1-2,non-predicate,,,
word:左右:ㄗㄨㄛ3-ㄧㄡ4,左右,ㄗㄨㄛ3 ㄧㄡ4,base,moe-concised,single-reading,absent,tier-1,strong-10-plus,non-predicate,,,
word:平臺:ㄆㄧㄥ2-ㄊㄞ2,平臺,ㄆㄧㄥ2 ㄊㄞ2,base,moe-concised,single-reading,absent,tier-3,weak-1-2,non-predicate,,,
word:打出:ㄉㄚ3-ㄔㄨ1,打出,ㄉㄚ3 ㄔㄨ1,base,no-projection,single-reading,absent,tier-3,weak-1-2,predicate,,,
word:打鬥:ㄉㄚ3-ㄉㄡ4,打鬥,ㄉㄚ3 ㄉㄡ4,base,moe-concised,single-reading,absent,tier-4,weak-1-2,predicate,,,
word:本願:ㄅㄣ3-ㄩㄢ4,本願,ㄅㄣ3 ㄩㄢ4,base,moe-revised-fallback,single-reading,absent,tier-4,weak-1-2,non-predicate,,,
word:永靖:ㄩㄥ3-ㄐㄧㄥ4,永靖,ㄩㄥ3 ㄐㄧㄥ4,base,no-projection,single-reading,unique-record,tier-4,weak-1-2,non-predicate,,,
word:生意:ㄕㄥ1-ㄧ4,生意,ㄕㄥ1 ㄧ4,floor,no-projection,multi-reading,ambiguous-records,tier-2,moderate-3-9,non-predicate,,,
word:由來:ㄧㄡ2-ㄌㄞ2,由來,ㄧㄡ2 ㄌㄞ2,base,moe-concised,single-reading,absent,tier-3,moderate-3-9,non-predicate,,,
word:休息:ㄒㄧㄡ1-ㄒㄧ2,休息,ㄒㄧㄡ1 ㄒㄧ2,floor,moe-concised,single-reading,absent,tier-1,moderate-3-9,predicate,,,
word:先後:ㄒㄧㄢ1-ㄏㄡ4,先後,ㄒㄧㄢ1 ㄏㄡ4,base,moe-concised,single-reading,absent,tier-3,strong-10-plus,non-predicate,,,
word:光:ㄍㄨㄤ1,光,ㄍㄨㄤ1,base,moe-concised,single-reading,absent,tier-1,strong-10-plus,non-predicate,,,
word:合夥:ㄏㄜ2-ㄏㄨㄛ3,合夥,ㄏㄜ2 ㄏㄨㄛ3,base,moe-concised,single-reading,absent,tier-4,weak-1-2,predicate,,,
word:名將:ㄇㄧㄥ2-ㄐㄧㄤ4,名將,ㄇㄧㄥ2 ㄐㄧㄤ4,base,moe-revised-fallback,single-reading,absent,tier-4,moderate-3-9,non-predicate,,,
word:地震:ㄉㄧ4-ㄓㄣ4,地震,ㄉㄧ4 ㄓㄣ4,base,moe-concised,single-reading,absent,tier-1,weak-1-2,non-predicate,,,
word:宅邸:ㄓㄞ2-ㄉㄧ3,宅邸,ㄓㄞ2 ㄉㄧ3,base,no-projection,single-reading,unique-record,tier-4,weak-1-2,non-predicate,,,
word:有別:ㄧㄡ3-ㄅㄧㄝ2,有別,ㄧㄡ3 ㄅㄧㄝ2,base,no-projection,single-reading,unique-record,tier-4,weak-1-2,predicate,,,
word:米線:ㄇㄧ3-ㄒㄧㄢ4,米線,ㄇㄧ3 ㄒㄧㄢ4,base,moe-revised-fallback,single-reading,absent,tier-4,weak-1-2,non-predicate,,,
word:考量:ㄎㄠ3-ㄌㄧㄤ2,考量,ㄎㄠ3 ㄌㄧㄤ2,base,moe-concised,single-reading,absent,tier-2,weak-1-2,predicate,,,
word:低等:ㄉㄧ1-ㄉㄥ3,低等,ㄉㄧ1 ㄉㄥ3,base,moe-concised,single-reading,absent,tier-4,weak-1-2,predicate,,,
word:余:ㄩ2,余,ㄩ2,base,moe-concised,single-reading,absent,tier-3,weak-1-2,non-predicate,,,
word:作:ㄗㄨㄛ1,作,ㄗㄨㄛ1,floor,manual-override,multi-reading,ambiguous-records,tier-1,strong-10-plus,predicate,,,
word:作:ㄗㄨㄛ4,作,ㄗㄨㄛ4,floor,manual-override,multi-reading,ambiguous-records,tier-1,strong-10-plus,predicate,,,
word:作法:ㄗㄨㄛ4-ㄈㄚ3,作法,ㄗㄨㄛ4 ㄈㄚ3,base,moe-concised,single-reading,absent,tier-2,weak-1-2,non-predicate,,,
word:否:ㄆㄧ3,否,ㄆㄧ3,base,no-projection,multi-reading,ambiguous-records,tier-4,weak-1-2,non-predicate,,,
word:吸取:ㄒㄧ1-ㄑㄩ3,吸取,ㄒㄧ1 ㄑㄩ3,base,moe-concised,single-reading,absent,tier-3,weak-1-2,predicate,,,
word:呎:ㄔ3,呎,ㄔ3,base,moe-concised,single-reading,absent,tier-3,moderate-3-9,non-predicate,,,
word:困住:ㄎㄨㄣ4-ㄓㄨ4,困住,ㄎㄨㄣ4 ㄓㄨ4,base,moe-concised,single-reading,absent,tier-4,weak-1-2,predicate,,,
word:坎貝爾:ㄎㄢ3-ㄅㄟ4-ㄦ3,坎貝爾,ㄎㄢ3 ㄅㄟ4 ㄦ3,base,no-projection,single-reading,unique-record,tier-4,weak-1-2,non-predicate,,,
word:完善:ㄨㄢ2-ㄕㄢ4,完善,ㄨㄢ2 ㄕㄢ4,base,moe-concised,single-reading,absent,tier-3,moderate-3-9,predicate,,,
word:宏道:ㄏㄨㄥ2-ㄉㄠ4,宏道,ㄏㄨㄥ2 ㄉㄠ4,base,no-projection,single-reading,absent,tier-4,weak-1-2,non-predicate,,,
word:尾巴:ㄨㄟ3-ㄅㄚ1,尾巴,ㄨㄟ3 ㄅㄚ1,base,moe-concised,single-reading,absent,tier-2,moderate-3-9,non-predicate,,,
word:弟弟:ㄉㄧ4-ㄉㄧ5,弟弟,ㄉㄧ4 ㄉㄧ5,base,moe-concised,single-reading,absent,tier-1,moderate-3-9,non-predicate,,,
word:把:ㄅㄚ3,把,ㄅㄚ3,floor,no-projection,multi-reading,ambiguous-records,tier-1,strong-10-plus,predicate,,,
word:汞柱:ㄍㄨㄥ3-ㄓㄨ4,汞柱,ㄍㄨㄥ3 ㄓㄨ4,base,no-projection,single-reading,absent,tier-4,weak-1-2,non-predicate,,,
word:災區:ㄗㄞ1-ㄑㄩ1,災區,ㄗㄞ1 ㄑㄩ1,base,moe-concised,single-reading,absent,tier-3,weak-1-2,non-predicate,,,
word:狂亂:ㄎㄨㄤ2-ㄌㄨㄢ4,狂亂,ㄎㄨㄤ2 ㄌㄨㄢ4,base,moe-revised-fallback,single-reading,absent,tier-4,weak-1-2,predicate,,,
word:走廊:ㄗㄡ3-ㄌㄤ2,走廊,ㄗㄡ3 ㄌㄤ2,base,moe-concised,single-reading,absent,tier-2,moderate-3-9,non-predicate,,,
word:身邊:ㄕㄣ1-ㄅㄧㄢ1,身邊,ㄕㄣ1 ㄅㄧㄢ1,base,moe-concised,single-reading,absent,tier-1,moderate-3-9,non-predicate,,,
word:車展:ㄔㄜ1-ㄓㄢ3,車展,ㄔㄜ1 ㄓㄢ3,base,no-projection,single-reading,unique-record,tier-4,moderate-3-9,non-predicate,,,
word:巡邏:ㄒㄩㄣ2-ㄌㄨㄛ2,巡邏,ㄒㄩㄣ2 ㄌㄨㄛ2,base,moe-concised,single-reading,absent,tier-3,weak-1-2,predicate,,,
word:乳糖:ㄖㄨ3-ㄊㄤ2,乳糖,ㄖㄨ3 ㄊㄤ2,base,moe-revised-fallback,single-reading,absent,tier-4,weak-1-2,non-predicate,,,
word:供職:ㄍㄨㄥ4-ㄓ2,供職,ㄍㄨㄥ4 ㄓ2,base,moe-revised-fallback,single-reading,absent,tier-4,weak-1-2,predicate,,,
word:刮目相看:ㄍㄨㄚ1-ㄇㄨ4-ㄒㄧㄤ1-ㄎㄢ4,刮目相看,ㄍㄨㄚ1 ㄇㄨ4 ㄒㄧㄤ1 ㄎㄢ4,base,moe-concised,single-reading,absent,tier-4,weak-1-2,predicate,,,
word:刻成:ㄎㄜ4-ㄔㄥ2,刻成,ㄎㄜ4 ㄔㄥ2,base,no-projection,single-reading,absent,tier-4,weak-1-2,predicate,,,
word:協商:ㄒㄧㄝ2-ㄕㄤ1,協商,ㄒㄧㄝ2 ㄕㄤ1,base,moe-concised,single-reading,absent,tier-3,moderate-3-9,predicate,,,
word:呢:ㄋㄧ2,呢,ㄋㄧ2,floor,no-projection,multi-reading,ambiguous-records,tier-1,moderate-3-9,non-predicate,,,
word:妻:ㄑㄧ1,妻,ㄑㄧ1,floor,no-projection,multi-reading,ambiguous-records,tier-3,moderate-3-9,non-predicate,,,
word:妻子:ㄑㄧ1-ㄗ3,妻子,ㄑㄧ1 ㄗ3,floor,no-projection,multi-reading,ambiguous-records,tier-2,strong-10-plus,non-predicate,,,
word:妻子:ㄑㄧ1-ㄗ5,妻子,ㄑㄧ1 ㄗ5,floor,no-projection,multi-reading,ambiguous-records,tier-2,strong-10-plus,non-predicate,,,
word:底色:ㄉㄧ3-ㄙㄜ4,底色,ㄉㄧ3 ㄙㄜ4,base,moe-concised,single-reading,absent,tier-4,weak-1-2,non-predicate,,,
word:於:ㄩ2,於,ㄩ2,base,no-projection,multi-reading,ambiguous-records,tier-1,strong-10-plus,predicate,,,
word:東西:ㄉㄨㄥ1-ㄒㄧ1,東西,ㄉㄨㄥ1 ㄒㄧ1,floor,manual-override,multi-reading,ambiguous-records,tier-1,strong-10-plus,non-predicate,,,
word:東西:ㄉㄨㄥ1-ㄒㄧ5,東西,ㄉㄨㄥ1 ㄒㄧ5,floor,manual-override,multi-reading,ambiguous-records,tier-1,strong-10-plus,non-predicate,,,
word:表妹:ㄅㄧㄠ3-ㄇㄟ4,表妹,ㄅㄧㄠ3 ㄇㄟ4,base,moe-concised,single-reading,absent,tier-4,weak-1-2,non-predicate,,,
word:表述:ㄅㄧㄠ3-ㄕㄨ4,表述,ㄅㄧㄠ3 ㄕㄨ4,base,moe-revised-fallback,single-reading,absent,tier-4,weak-1-2,predicate,,,
word:長女:ㄓㄤ3-ㄋㄩ3,長女,ㄓㄤ3 ㄋㄩ3,base,no-projection,single-reading,unique-record,tier-4,weak-1-2,non-predicate,,,
word:便宜:ㄅㄧㄢ4-ㄧ2,便宜,ㄅㄧㄢ4 ㄧ2,floor,no-projection,multi-reading,ambiguous-records,tier-2,moderate-3-9,predicate,,,
word:保送:ㄅㄠ3-ㄙㄨㄥ4,保送,ㄅㄠ3 ㄙㄨㄥ4,base,moe-concised,single-reading,absent,tier-4,weak-1-2,non-predicate,,,
word:南京:ㄋㄢ2-ㄐㄧㄥ1,南京,ㄋㄢ2 ㄐㄧㄥ1,base,moe-revised-fallback,single-reading,absent,tier-3,strong-10-plus,non-predicate,,,
word:咬金:ㄧㄠ3-ㄐㄧㄣ1,咬金,ㄧㄠ3 ㄐㄧㄣ1,base,no-projection,single-reading,absent,tier-4,weak-1-2,non-predicate,,,
word:後者:ㄏㄡ4-ㄓㄜ3,後者,ㄏㄡ4 ㄓㄜ3,base,no-projection,single-reading,unique-record,tier-3,moderate-3-9,non-predicate,,,
word:思潮:ㄙ1-ㄔㄠ2,思潮,ㄙ1 ㄔㄠ2,base,moe-concised,single-reading,absent,tier-4,moderate-3-9,non-predicate,,,
word:拱:ㄍㄨㄥ3,拱,ㄍㄨㄥ3,base,moe-concised,single-reading,absent,tier-4,weak-1-2,non-predicate,,,
word:政黨:ㄓㄥ4-ㄉㄤ3,政黨,ㄓㄥ4 ㄉㄤ3,base,moe-concised,single-reading,absent,tier-3,weak-1-2,non-predicate,,,
word:政權:ㄓㄥ4-ㄑㄩㄢ2,政權,ㄓㄥ4 ㄑㄩㄢ2,base,moe-concised,single-reading,absent,tier-2,strong-10-plus,non-predicate,,,
word:施加:ㄕ1-ㄐㄧㄚ1,施加,ㄕ1 ㄐㄧㄚ1,base,moe-revised-fallback,single-reading,absent,tier-4,weak-1-2,predicate,,,
word:星際:ㄒㄧㄥ1-ㄐㄧ4,星際,ㄒㄧㄥ1 ㄐㄧ4,base,moe-concised,single-reading,absent,tier-4,moderate-3-9,non-predicate,,,
word:活力:ㄏㄨㄛ2-ㄌㄧ4,活力,ㄏㄨㄛ2 ㄌㄧ4,base,moe-concised,single-reading,absent,tier-2,moderate-3-9,non-predicate,,,
word:活動:ㄏㄨㄛ2-ㄉㄨㄥ4,活動,ㄏㄨㄛ2 ㄉㄨㄥ4,base,moe-concised,single-reading,absent,tier-1,strong-10-plus,predicate,,,
word:流量:ㄌㄧㄡ2-ㄌㄧㄤ4,流量,ㄌㄧㄡ2 ㄌㄧㄤ4,base,moe-concised,single-reading,absent,tier-3,moderate-3-9,non-predicate,,,
word:皈依:ㄍㄨㄟ1-ㄧ1,皈依,ㄍㄨㄟ1 ㄧ1,base,moe-concised,single-reading,absent,tier-3,weak-1-2,predicate,,,
word:相近:ㄒㄧㄤ1-ㄐㄧㄣ4,相近,ㄒㄧㄤ1 ㄐㄧㄣ4,base,moe-concised,single-reading,absent,tier-3,moderate-3-9,predicate,,,
word:紅色:ㄏㄨㄥ2-ㄙㄜ4,紅色,ㄏㄨㄥ2 ㄙㄜ4,base,moe-concised,single-reading,absent,tier-2,moderate-3-9,non-predicate,,,
word:若:ㄖㄨㄛ4,若,ㄖㄨㄛ4,floor,no-projection,multi-reading,ambiguous-records,tier-1,strong-10-plus,non-predicate,,,
word:要:ㄧㄠ1,要,ㄧㄠ1,floor,manual-override,multi-reading,ambiguous-records,tier-1,strong-10-plus,predicate,,,
word:要:ㄧㄠ4,要,ㄧㄠ4,floor,manual-override,multi-reading,ambiguous-records,tier-1,strong-10-plus,predicate,,,
word:負責:ㄈㄨ4-ㄗㄜ2,負責,ㄈㄨ4 ㄗㄜ2,base,moe-concised,single-reading,absent,tier-1,strong-10-plus,predicate,,,
word:首相:ㄕㄡ3-ㄒㄧㄤ4,首相,ㄕㄡ3 ㄒㄧㄤ4,base,moe-concised,single-reading,absent,tier-3,moderate-3-9,non-predicate,,,
word:修築:ㄒㄧㄡ1-ㄓㄨ2,修築,ㄒㄧㄡ1 ㄓㄨ2,base,moe-concised,single-reading,absent,tier-3,weak-1-2,predicate,,,
word:個:ㄍㄜ3,個,ㄍㄜ3,floor,manual-override,multi-reading,ambiguous-records,tier-1,strong-10-plus,non-predicate,,,
word:個:ㄍㄜ4,個,ㄍㄜ4,floor,manual-override,multi-reading,ambiguous-records,tier-1,strong-10-plus,non-predicate,,,
word:狼人:ㄌㄤ2-ㄖㄣ2,狼人,ㄌㄤ2 ㄖㄣ2,base,moe-revised-fallback,single-reading,absent,tier-4,weak-1-2,non-predicate,,,
word:真武:ㄓㄣ1-ㄨ3,真武,ㄓㄣ1 ㄨ3,base,no-projection,single-reading,unique-record,tier-4,moderate-3-9,non-predicate,,,
word:神殿:ㄕㄣ2-ㄉㄧㄢ4,神殿,ㄕㄣ2 ㄉㄧㄢ4,base,moe-revised-fallback,single-reading,absent,tier-4,weak-1-2,non-predicate,,,
word:神魔:ㄕㄣ2-ㄇㄛ2,神魔,ㄕㄣ2 ㄇㄛ2,base,no-projection,single-reading,absent,tier-4,weak-1-2,non-predicate,,,
word:秤:ㄔㄥ4,秤,ㄔㄥ4,base,no-projection,multi-reading,ambiguous-records,tier-3,weak-1-2,non-predicate,,,
word:紡織:ㄈㄤ3-ㄓ1,紡織,ㄈㄤ3 ㄓ1,base,moe-concised,single-reading,absent,tier-3,moderate-3-9,predicate,,,
word:胰島:ㄧ2-ㄉㄠ3,胰島,ㄧ2 ㄉㄠ3,base,no-projection,single-reading,unique-record,tier-4,weak-1-2,non-predicate,,,
word:胸管:ㄒㄩㄥ1-ㄍㄨㄢ3,胸管,ㄒㄩㄥ1 ㄍㄨㄢ3,base,moe-revised-fallback,single-reading,absent,tier-4,weak-1-2,non-predicate,,,
word:追求:ㄓㄨㄟ1-ㄑㄧㄡ2,追求,ㄓㄨㄟ1 ㄑㄧㄡ2,base,moe-concised,single-reading,absent,tier-1,moderate-3-9,predicate,,,
word:酒館:ㄐㄧㄡ3-ㄍㄨㄢ3,酒館,ㄐㄧㄡ3 ㄍㄨㄢ3,base,moe-revised-fallback,single-reading,absent,tier-4,weak-1-2,non-predicate,,,
word:院士:ㄩㄢ4-ㄕ4,院士,ㄩㄢ4 ㄕ4,base,moe-revised-fallback,single-reading,absent,tier-4,weak-1-2,non-predicate,,,
word:隻身:ㄓ1-ㄕㄣ1,隻身,ㄓ1 ㄕㄣ1,base,moe-concised,single-reading,absent,tier-4,weak-1-2,non-predicate,,,
word:馬丁:ㄇㄚ3-ㄉㄧㄥ1,馬丁,ㄇㄚ3 ㄉㄧㄥ1,base,no-projection,single-reading,unique-record,tier-3,weak-1-2,non-predicate,,,
word:高中:ㄍㄠ1-ㄓㄨㄥ4,高中,ㄍㄠ1 ㄓㄨㄥ4,floor,manual-override,multi-reading,ambiguous-records,tier-2,strong-10-plus,non-predicate,,,
word:高麗:ㄍㄠ1-ㄌㄧ2,高麗,ㄍㄠ1 ㄌㄧ2,base,moe-concised,single-reading,absent,tier-4,moderate-3-9,non-predicate,,,
word:副:ㄈㄨ4,副,ㄈㄨ4,base,no-projection,single-reading,unique-record,tier-2,strong-10-plus,non-predicate,,,
word:問:ㄨㄣ4,問,ㄨㄣ4,base,moe-concised,single-reading,absent,tier-1,weak-1-2,predicate,,,
word:堅決:ㄐㄧㄢ1-ㄐㄩㄝ2,堅決,ㄐㄧㄢ1 ㄐㄩㄝ2,base,moe-concised,single-reading,absent,tier-3,moderate-3-9,non-predicate,,,
word:堅固:ㄐㄧㄢ1-ㄍㄨ4,堅固,ㄐㄧㄢ1 ㄍㄨ4,base,moe-concised,single-reading,absent,tier-3,weak-1-2,predicate,,,
word:彩繪:ㄘㄞ3-ㄏㄨㄟ4,彩繪,ㄘㄞ3 ㄏㄨㄟ4,base,moe-concised,single-reading,absent,tier-3,weak-1-2,non-predicate,,,
word:得票:ㄉㄜ2-ㄆㄧㄠ4,得票,ㄉㄜ2 ㄆㄧㄠ4,base,moe-concised,single-reading,absent,tier-4,moderate-3-9,predicate,,,
word:接聽:ㄐㄧㄝ1-ㄊㄧㄥ1,接聽,ㄐㄧㄝ1 ㄊㄧㄥ1,base,no-projection,single-reading,unique-record,tier-4,weak-1-2,predicate,,,
word:救生:ㄐㄧㄡ4-ㄕㄥ1,救生,ㄐㄧㄡ4 ㄕㄥ1,base,moe-revised-fallback,single-reading,absent,tier-4,weak-1-2,predicate,,,
word:救國:ㄐㄧㄡ4-ㄍㄨㄛ2,救國,ㄐㄧㄡ4 ㄍㄨㄛ2,base,moe-concised,single-reading,absent,tier-4,weak-1-2,predicate,,,
word:教長:ㄐㄧㄠ4-ㄓㄤ3,教長,ㄐㄧㄠ4 ㄓㄤ3,base,no-projection,single-reading,unique-record,tier-4,weak-1-2,non-predicate,,,
word:率:ㄌㄩ4,率,ㄌㄩ4,floor,no-projection,multi-reading,ambiguous-records,tier-3,strong-10-plus,predicate,,,
word:率:ㄕㄨㄞ4,率,ㄕㄨㄞ4,floor,no-projection,multi-reading,ambiguous-records,tier-3,strong-10-plus,predicate,,,
word:畢業:ㄅㄧ4-ㄧㄝ4,畢業,ㄅㄧ4 ㄧㄝ4,base,moe-concised,single-reading,absent,tier-1,strong-10-plus,predicate,,,
word:眼神:ㄧㄢ3-ㄕㄣ2,眼神,ㄧㄢ3 ㄕㄣ2,base,moe-concised,single-reading,absent,tier-2,weak-1-2,non-predicate,,,
word:祭物:ㄐㄧ4-ㄨ4,祭物,ㄐㄧ4 ㄨ4,base,moe-revised-fallback,single-reading,absent,tier-4,weak-1-2,non-predicate,,,
word:細長:ㄒㄧ4-ㄔㄤ2,細長,ㄒㄧ4 ㄔㄤ2,base,moe-revised-fallback,single-reading,absent,tier-4,moderate-3-9,predicate,,,
word:處理:ㄔㄨ3-ㄌㄧ3,處理,ㄔㄨ3 ㄌㄧ3,base,moe-concised,single-reading,absent,tier-1,strong-10-plus,predicate,,,
word:處置:ㄔㄨ3-ㄓ4,處置,ㄔㄨ3 ㄓ4,base,moe-concised,single-reading,absent,tier-3,weak-1-2,predicate,,,
word:透明:ㄊㄡ4-ㄇㄧㄥ2,透明,ㄊㄡ4 ㄇㄧㄥ2,base,moe-concised,single-reading,absent,tier-2,weak-1-2,predicate,,,
word:部隊:ㄅㄨ4-ㄉㄨㄟ4,部隊,ㄅㄨ4 ㄉㄨㄟ4,base,moe-concised,single-reading,absent,tier-2,strong-10-plus,non-predicate,,,
word:陰陽:ㄧㄣ1-ㄧㄤ2,陰陽,ㄧㄣ1 ㄧㄤ2,base,moe-concised,single-reading,absent,tier-3,weak-1-2,non-predicate,,,
word:陷落:ㄒㄧㄢ4-ㄌㄨㄛ4,陷落,ㄒㄧㄢ4 ㄌㄨㄛ4,base,moe-concised,single-reading,absent,tier-4,weak-1-2,non-predicate,,,
word:備受:ㄅㄟ4-ㄕㄡ4,備受,ㄅㄟ4 ㄕㄡ4,base,no-projection,single-reading,unique-record,tier-3,moderate-3-9,predicate,,,
word:創:ㄔㄨㄤ1,創,ㄔㄨㄤ1,floor,no-projection,multi-reading,ambiguous-records,tier-3,weak-1-2,predicate,,,
word:幾內亞:ㄐㄧ1-ㄋㄟ4-ㄧㄚ4,幾內亞,ㄐㄧ1 ㄋㄟ4 ㄧㄚ4,base,moe-revised-fallback,single-reading,absent,tier-4,weak-1-2,non-predicate,,,
word:惡果:ㄜ4-ㄍㄨㄛ3,惡果,ㄜ4 ㄍㄨㄛ3,base,moe-concised,single-reading,absent,tier-4,weak-1-2,non-predicate,,,
word:期間:ㄑㄧ2-ㄐㄧㄢ1,期間,ㄑㄧ2 ㄐㄧㄢ1,base,moe-concised,single-reading,absent,tier-1,strong-10-plus,non-predicate,,,
word:植被:ㄓ2-ㄅㄟ4,植被,ㄓ2 ㄅㄟ4,base,moe-concised,single-reading,absent,tier-4,moderate-3-9,non-predicate,,,
word:湘潭:ㄒㄧㄤ1-ㄊㄢ2,湘潭,ㄒㄧㄤ1 ㄊㄢ2,floor,no-projection,single-reading,unique-record,tier-4,weak-1-2,non-predicate,,,
word:無限:ㄨ2-ㄒㄧㄢ4,無限,ㄨ2 ㄒㄧㄢ4,base,moe-concised,single-reading,absent,tier-2,weak-1-2,predicate,,,
word:無能為力:ㄨ2-ㄋㄥ2-ㄨㄟ2-ㄌㄧ4,無能為力,ㄨ2 ㄋㄥ2 ㄨㄟ2 ㄌㄧ4,base,moe-concised,single-reading,absent,tier-3,weak-1-2,predicate,,,
word:結構:ㄐㄧㄝ2-ㄍㄡ4,結構,ㄐㄧㄝ2 ㄍㄡ4,base,moe-concised,single-reading,absent,tier-1,strong-10-plus,non-predicate,,,
word:著:ㄓㄜ5,著,ㄓㄜ5,floor,manual-override,multi-reading,ambiguous-records,tier-1,strong-10-plus,predicate,,,
word:著:ㄓㄠ1,著,ㄓㄠ1,floor,manual-override,multi-reading,ambiguous-records,tier-1,strong-10-plus,predicate,,,
word:著:ㄓㄠ2,著,ㄓㄠ2,floor,manual-override,multi-reading,ambiguous-records,tier-1,strong-10-plus,predicate,,,
word:著:ㄓㄨ4,著,ㄓㄨ4,floor,manual-override,multi-reading,ambiguous-records,tier-1,strong-10-plus,predicate,,,
word:詐死:ㄓㄚ4-ㄙ3,詐死,ㄓㄚ4 ㄙ3,base,moe-concised,single-reading,absent,tier-4,weak-1-2,predicate,,,
word:開通:ㄎㄞ1-ㄊㄨㄥ1,開通,ㄎㄞ1 ㄊㄨㄥ1,base,moe-concised,single-reading,absent,tier-3,weak-1-2,predicate,,,
word:傳:ㄔㄨㄢ2,傳,ㄔㄨㄢ2,floor,no-projection,multi-reading,ambiguous-records,tier-2,moderate-3-9,predicate,,,
word:園長:ㄩㄢ2-ㄓㄤ3,園長,ㄩㄢ2 ㄓㄤ3,base,no-projection,single-reading,unique-record,tier-4,weak-1-2,non-predicate,,,
word:幹掉:ㄍㄢ4-ㄉㄧㄠ4,幹掉,ㄍㄢ4 ㄉㄧㄠ4,base,moe-concised,single-reading,absent,tier-4,weak-1-2,predicate,,,
word:新浪:ㄒㄧㄣ1-ㄌㄤ4,新浪,ㄒㄧㄣ1 ㄌㄤ4,base,no-projection,single-reading,unique-record,tier-4,weak-1-2,non-predicate,,,
word:新馬:ㄒㄧㄣ1-ㄇㄚ3,新馬,ㄒㄧㄣ1 ㄇㄚ3,base,no-projection,single-reading,unique-record,tier-4,weak-1-2,non-predicate,,,
word:會晤:ㄏㄨㄟ4-ㄨ4,會晤,ㄏㄨㄟ4 ㄨ4,base,moe-concised,single-reading,absent,tier-4,weak-1-2,non-predicate,,,
word:滁河:ㄔㄨ2-ㄏㄜ2,滁河,ㄔㄨ2 ㄏㄜ2,base,moe-revised-fallback,single-reading,absent,tier-4,weak-1-2,non-predicate,,,
word:煤氣:ㄇㄟ2-ㄑㄧ4,煤氣,ㄇㄟ2 ㄑㄧ4,base,moe-concised,single-reading,absent,tier-4,weak-1-2,non-predicate,,,
word:當:ㄉㄤ4,當,ㄉㄤ4,floor,no-projection,multi-reading,ambiguous-records,tier-1,strong-10-plus,predicate,,,
word:節日:ㄐㄧㄝ2-ㄖ4,節日,ㄐㄧㄝ2 ㄖ4,base,moe-concised,single-reading,absent,tier-3,moderate-3-9,non-predicate,,,
word:聖彼得堡:ㄕㄥ4-ㄅㄧ3-ㄉㄜ2-ㄅㄠ3,聖彼得堡,ㄕㄥ4 ㄅㄧ3 ㄉㄜ2 ㄅㄠ3,base,moe-revised-fallback,single-reading,absent,tier-4,weak-1-2,non-predicate,,,
word:聖徒:ㄕㄥ4-ㄊㄨ2,聖徒,ㄕㄥ4 ㄊㄨ2,base,no-projection,single-reading,unique-record,tier-4,weak-1-2,non-predicate,,,
word:聖靈:ㄕㄥ4-ㄌㄧㄥ2,聖靈,ㄕㄥ4 ㄌㄧㄥ2,base,moe-concised,single-reading,absent,tier-4,moderate-3-9,non-predicate,,,
word:裝設:ㄓㄨㄤ1-ㄕㄜ4,裝設,ㄓㄨㄤ1 ㄕㄜ4,base,moe-concised,single-reading,absent,tier-4,weak-1-2,predicate,,,
word:解:ㄐㄧㄝ4,解,ㄐㄧㄝ4,floor,no-projection,multi-reading,ambiguous-records,tier-1,weak-1-2,predicate,,,
word:解:ㄒㄧㄝ4,解,ㄒㄧㄝ4,base,no-projection,multi-reading,ambiguous-records,tier-1,weak-1-2,predicate,,,
word:解說:ㄐㄧㄝ3-ㄕㄨㄛ1,解說,ㄐㄧㄝ3 ㄕㄨㄛ1,base,moe-concised,single-reading,absent,tier-2,weak-1-2,non-predicate,,,
word:農藥:ㄋㄨㄥ2-ㄧㄠ4,農藥,ㄋㄨㄥ2 ㄧㄠ4,base,moe-concised,single-reading,absent,tier-2,weak-1-2,non-predicate,,,
word:電:ㄉㄧㄢ4,電,ㄉㄧㄢ4,base,moe-concised,single-reading,absent,tier-2,moderate-3-9,non-predicate,,,
word:預:ㄩ4,預,ㄩ4,base,moe-concised,single-reading,absent,tier-3,weak-1-2,non-predicate,,,
word:僱主:ㄍㄨ4-ㄓㄨ3,僱主,ㄍㄨ4 ㄓㄨ3,base,no-projection,single-reading,unique-record,tier-4,weak-1-2,non-predicate,,,
word:圖森:ㄊㄨ2-ㄙㄣ1,圖森,ㄊㄨ2 ㄙㄣ1,base,no-projection,single-reading,absent,tier-4,weak-1-2,non-predicate,,,
word:圖稿:ㄊㄨ2-ㄍㄠ3,圖稿,ㄊㄨ2 ㄍㄠ3,base,no-projection,single-reading,absent,tier-4,weak-1-2,non-predicate,,,
word:對於:ㄉㄨㄟ4-ㄩ2,對於,ㄉㄨㄟ4 ㄩ2,base,moe-concised,single-reading,absent,tier-1,strong-10-plus,non-predicate,,,
word:慈幼:ㄘ2-ㄧㄡ4,慈幼,ㄘ2 ㄧㄡ4,base,moe-concised,single-reading,absent,tier-4,weak-1-2,non-predicate,,,
word:演戲:ㄧㄢ3-ㄒㄧ4,演戲,ㄧㄢ3 ㄒㄧ4,base,moe-concised,single-reading,absent,tier-3,weak-1-2,predicate,,,
word:漢:ㄏㄢ4,漢,ㄏㄢ4,base,moe-concised,single-reading,absent,tier-3,strong-10-plus,non-predicate,,,
word:盡忠:ㄐㄧㄣ4-ㄓㄨㄥ1,盡忠,ㄐㄧㄣ4 ㄓㄨㄥ1,base,moe-concised,single-reading,absent,tier-4,weak-1-2,predicate,,,
word:種:ㄓㄨㄥ3,種,ㄓㄨㄥ3,floor,manual-override,multi-reading,ambiguous-records,tier-1,strong-10-plus,predicate,,,
word:種:ㄓㄨㄥ4,種,ㄓㄨㄥ4,floor,manual-override,multi-reading,ambiguous-records,tier-1,strong-10-plus,predicate,,,
word:稱:ㄔㄣ4,稱,ㄔㄣ4,floor,no-projection,multi-reading,ambiguous-records,tier-1,strong-10-plus,predicate,,,
word:稱:ㄔㄥ4,稱,ㄔㄥ4,floor,no-projection,multi-reading,ambiguous-records,tier-1,strong-10-plus,predicate,,,
word:管子:ㄍㄨㄢ3-ㄗ5,管子,ㄍㄨㄢ3 ㄗ5,floor,no-projection,multi-reading,ambiguous-records,tier-3,weak-1-2,non-predicate,,,
word:臺:ㄊㄞ2,臺,ㄊㄞ2,base,moe-concised,single-reading,absent,tier-2,moderate-3-9,non-predicate,,,
word:蓉:ㄖㄨㄥ2,蓉,ㄖㄨㄥ2,base,moe-concised,single-reading,absent,tier-4,weak-1-2,non-predicate,,,
word:語調:ㄩ3-ㄉㄧㄠ4,語調,ㄩ3 ㄉㄧㄠ4,base,moe-concised,single-reading,absent,tier-4,weak-1-2,non-predicate,,,
word:說:ㄕㄨㄛ1,說,ㄕㄨㄛ1,floor,manual-override,multi-reading,ambiguous-records,tier-1,strong-10-plus,predicate,,,
word:說:ㄕㄨㄟ4,說,ㄕㄨㄟ4,floor,manual-override,multi-reading,ambiguous-records,tier-1,strong-10-plus,predicate,,,
word:噁心:ㄜ3-ㄒㄧㄣ1,噁心,ㄜ3 ㄒㄧㄣ1,base,moe-concised,single-reading,absent,tier-3,weak-1-2,predicate,,,
word:寬:ㄎㄨㄢ1,寬,ㄎㄨㄢ1,floor,moe-concised,single-reading,absent,tier-2,strong-10-plus,predicate,,,
word:影帝:ㄧㄥ3-ㄉㄧ4,影帝,ㄧㄥ3 ㄉㄧ4,base,moe-concised,single-reading,absent,tier-4,weak-1-2,non-predicate,,,
word:慰安:ㄨㄟ4-ㄢ1,慰安,ㄨㄟ4 ㄢ1,base,moe-revised-fallback,single-reading,absent,tier-4,weak-1-2,predicate,,,
word:暴動:ㄅㄠ4-ㄉㄨㄥ4,暴動,ㄅㄠ4 ㄉㄨㄥ4,base,moe-concised,single-reading,absent,tier-3,moderate-3-9,non-predicate,,,
word:樓盤:ㄌㄡ2-ㄆㄢ2,樓盤,ㄌㄡ2 ㄆㄢ2,base,no-projection,single-reading,unique-record,tier-4,weak-1-2,non-predicate,,,
word:熟悉:ㄕㄡ2-ㄒㄧ1,熟悉,ㄕㄡ2 ㄒㄧ1,base,moe-concised,single-reading,absent,tier-1,weak-1-2,predicate,,,
word:調入:ㄉㄧㄠ4-ㄖㄨ4,調入,ㄉㄧㄠ4 ㄖㄨ4,base,no-projection,single-reading,unique-record,tier-4,weak-1-2,predicate,,,
word:諂媚:ㄔㄢ3-ㄇㄟ4,諂媚,ㄔㄢ3 ㄇㄟ4,base,moe-concised,single-reading,absent,tier-4,weak-1-2,predicate,,,
word:豬籠草:ㄓㄨ1-ㄌㄨㄥ2-ㄘㄠ3,豬籠草,ㄓㄨ1 ㄌㄨㄥ2 ㄘㄠ3,base,moe-revised-fallback,single-reading,absent,tier-4,weak-1-2,non-predicate,,,
word:撿:ㄐㄧㄢ3,撿,ㄐㄧㄢ3,base,moe-concised,single-reading,absent,tier-2,weak-1-2,predicate,,,
word:據點:ㄐㄩ4-ㄉㄧㄢ3,據點,ㄐㄩ4 ㄉㄧㄢ3,base,moe-concised,single-reading,absent,tier-3,weak-1-2,non-predicate,,,
word:整體:ㄓㄥ3-ㄊㄧ3,整體,ㄓㄥ3 ㄊㄧ3,base,moe-concised,single-reading,absent,tier-2,moderate-3-9,non-predicate,,,
word:濃煙:ㄋㄨㄥ2-ㄧㄢ1,濃煙,ㄋㄨㄥ2 ㄧㄢ1,base,moe-concised,single-reading,absent,tier-4,weak-1-2,non-predicate,,,
word:親臨:ㄑㄧㄣ1-ㄌㄧㄣ2,親臨,ㄑㄧㄣ1 ㄌㄧㄣ2,base,moe-concised,single-reading,absent,tier-4,weak-1-2,predicate,,,
word:遲遲:ㄔ2-ㄔ2,遲遲,ㄔ2 ㄔ2,base,moe-concised,single-reading,absent,tier-3,weak-1-2,non-predicate,,,
word:錦江:ㄐㄧㄣ3-ㄐㄧㄤ1,錦江,ㄐㄧㄣ3 ㄐㄧㄤ1,base,moe-revised-fallback,single-reading,absent,tier-4,weak-1-2,non-predicate,,,
word:應:ㄧㄥ4,應,ㄧㄥ4,base,no-projection,multi-reading,ambiguous-records,tier-1,strong-10-plus,predicate,,,
word:應當:ㄧㄥ1-ㄉㄤ1,應當,ㄧㄥ1 ㄉㄤ1,base,moe-concised,single-reading,absent,tier-3,weak-1-2,predicate,,,
word:擊殺:ㄐㄧ1-ㄕㄚ1,擊殺,ㄐㄧ1 ㄕㄚ1,base,no-projection,single-reading,unique-record,tier-4,weak-1-2,predicate,,,
word:臨近:ㄌㄧㄣ2-ㄐㄧㄣ4,臨近,ㄌㄧㄣ2 ㄐㄧㄣ4,base,moe-concised,single-reading,absent,tier-4,weak-1-2,predicate,,,
word:薄:ㄅㄠ2,薄,ㄅㄠ2,floor,no-projection,multi-reading,ambiguous-records,tier-2,weak-1-2,predicate,,,
word:闊綽:ㄎㄨㄛ4-ㄔㄨㄛ4,闊綽,ㄎㄨㄛ4 ㄔㄨㄛ4,base,moe-concised,single-reading,absent,tier-4,weak-1-2,predicate,,,
word:歸還:ㄍㄨㄟ1-ㄏㄨㄢ2,歸還,ㄍㄨㄟ1 ㄏㄨㄢ2,base,moe-concised,single-reading,absent,tier-4,weak-1-2,predicate,,,
word:鎰:ㄧ4,鎰,ㄧ4,base,moe-concised,single-reading,absent,tier-4,weak-1-2,non-predicate,,,
word:離島:ㄌㄧ2-ㄉㄠ3,離島,ㄌㄧ2 ㄉㄠ3,base,moe-concised,single-reading,absent,tier-3,weak-1-2,non-predicate,,,
word:邊區:ㄅㄧㄢ1-ㄑㄩ1,邊區,ㄅㄧㄢ1 ㄑㄩ1,base,moe-revised-fallback,single-reading,absent,tier-4,weak-1-2,non-predicate,,,
word:類固醇:ㄌㄟ4-ㄍㄨ4-ㄔㄨㄣ2,類固醇,ㄌㄟ4 ㄍㄨ4 ㄔㄨㄣ2,base,moe-concised,single-reading,absent,tier-3,weak-1-2,non-predicate,,,
word:寶藏:ㄅㄠ3-ㄗㄤ4,寶藏,ㄅㄠ3 ㄗㄤ4,base,moe-concised,single-reading,absent,tier-3,weak-1-2,non-predicate,,,
word:籍:ㄐㄧ2,籍,ㄐㄧ2,base,moe-concised,single-reading,absent,tier-4,moderate-3-9,non-predicate,,,
word:議員:ㄧ4-ㄩㄢ2,議員,ㄧ4 ㄩㄢ2,base,moe-concised,single-reading,absent,tier-3,strong-10-plus,non-predicate,,,
word:騰出:ㄊㄥ2-ㄔㄨ1,騰出,ㄊㄥ2 ㄔㄨ1,base,moe-concised,single-reading,absent,tier-4,weak-1-2,predicate,,,
word:鐵釘:ㄊㄧㄝ3-ㄉㄧㄥ1,鐵釘,ㄊㄧㄝ3 ㄉㄧㄥ1,base,moe-concised,single-reading,absent,tier-4,weak-1-2,non-predicate,,,
word:體型:ㄊㄧ3-ㄒㄧㄥ2,體型,ㄊㄧ3 ㄒㄧㄥ2,base,moe-concised,single-reading,absent,tier-3,moderate-3-9,non-predicate,,,
word:靈異:ㄌㄧㄥ2-ㄧ4,靈異,ㄌㄧㄥ2 ㄧ4,base,moe-concised,single-reading,absent,tier-4,weak-1-2,predicate,,,
